story_id,title,epic_id,description,acceptance_criteria,validation_plan,technical_solution,priority,story_points
S001,Create Exercise Record API,E01,"As a coach, I want to create an exercise with preparation, effort, and rest durations so that sessions can reuse standardized exercise definitions.","AC1 Exercise cannot be created without title | AC2 Preparation/Effort/Rest durations are required and >= 0 | AC3 API returns created record identifier and normalized values","VP1 Unit test create payload validation | VP2 Integration test insert through Script Include | VP3 Negative test missing duration values","TS1 Implement create method in Exercise Script Include extending Custom_Object | TS2 Use WorkoutUtil for duration normalization | TS3 Enforce field checks before GlideRecord insert",P0,3
S002,Update and Version-Safe Exercise Editing,E01,"As a coach, I want to edit exercise metadata and durations so that my library stays up to date without breaking existing session history.","AC1 Existing exercise can be updated by id | AC2 Invalid negative durations are rejected | AC3 Active sessions keep snapshot values and are not retroactively modified","VP1 Unit test update happy path | VP2 Regression test that session exercise history is unchanged after exercise edit | VP3 ACL-aware update test","TS1 Add update method with allowlist field patching | TS2 Preserve history by reading from Session/Session Exercise snapshots only | TS3 Add audit logging helper in WorkoutUtil",P0,5
S003,Search and Filter Exercise Catalog,E01,"As a user, I want to filter exercises by title and duration ranges so that I can quickly find relevant exercises when building sets and sessions.","AC1 Filter supports partial title match | AC2 Filter supports min/max duration constraints | AC3 Results are paginated and sorted","VP1 Query-level test for title matching | VP2 Boundary test for duration filters | VP3 Pagination consistency test","TS1 Implement list method using GlideQuery/GlideRecord conditions | TS2 Add optional query params object | TS3 Return stable DTO with paging metadata",P1,3
S004,Create Hierarchical Categories,E02,"As an admin, I want categories to support parent-child relationships so that workout taxonomy can reflect muscle groups and training goals.","AC1 Category can be created without parent as root | AC2 Category can be created with valid parent id | AC3 Circular parent assignment is rejected","VP1 Unit tests for root and child creation | VP2 Negative tests for self-parent and circular chain | VP3 Data integrity check on category tree","TS1 Add category create/update methods | TS2 Implement parent chain validation utility in WorkoutUtil | TS3 Add defensive checks before write",P0,5
S005,Assign Exercises to Categories,E02,"As a coach, I want to assign one exercise to multiple categories so that category-based session generation can work.","AC1 Exercise-category m2m row can be created for valid references | AC2 Duplicate mappings are prevented | AC3 Removing mapping does not delete base exercise","VP1 Integration test for m2m insert/delete | VP2 Duplicate prevention test | VP3 Referential integrity test","TS1 Implement mapping management in ExerciseCategory Script Include | TS2 Add uniqueness check before insert | TS3 Use transaction-safe delete by sys_id",P0,3
S006,Retrieve Category Tree With Exercise Counts,E02,"As a user, I want to view categories as a tree with exercise counts so that I can understand library distribution.","AC1 Response returns parent-child structure | AC2 Each node includes direct and total exercise counts | AC3 Empty categories are shown with zero counts","VP1 Tree shape test for nested categories | VP2 Count correctness test with m2m fixtures | VP3 Performance test on medium dataset","TS1 Build tree assembler utility in WorkoutUtil | TS2 Query exercise-category mappings once and aggregate in memory | TS3 Return deterministic order",P1,5
S007,Create Set With Duration Override Rules,E03,"As a coach, I want to create sets inheriting exercise behavior with optional duration override so that I can standardize interval patterns.","AC1 Set supports override durations | AC2 If use_exercise_durations=true, linked exercise timings are used | AC3 Override fields validated when override mode is active","VP1 Unit tests for override and inherited modes | VP2 Validation test for conflicting flags | VP3 Integration test create and read set behavior","TS1 Implement Set Script Include methods with inheritance-aware logic | TS2 Encode rule resolution helper in WorkoutUtil | TS3 Persist explicit mode flag",P0,5
S008,Add Exercises and Nested Sets to Set,E03,"As a coach, I want sets to include exercises and nested sets in an explicit order so that complex workout blocks can be built.","AC1 Exercise-Set m2m supports sequence order | AC2 Nested set references are allowed | AC3 Ordering can be updated without duplicating links","VP1 Integration tests for ordered inserts | VP2 Update test for reorder operations | VP3 Fetch test returns resolved sequence","TS1 Extend ExerciseSet Script Include for ordered link CRUD | TS2 Add reorder endpoint with positional updates | TS3 Use GlideRecord ordering by order field",P0,5
S009,Prevent Cycles in Set Graph,E03,"As a system, I must reject cyclic set references so that session generation does not enter infinite loops.","AC1 Direct cycle A->A is blocked | AC2 Indirect cycle A->B->A is blocked | AC3 Error message identifies offending path","VP1 Graph validation unit tests for direct/indirect cycles | VP2 Regression test during link update | VP3 Negative integration test through API","TS1 Implement DFS/BFS graph check in WorkoutUtil | TS2 Run validation before insert/update of Exercise-Set links | TS3 Return structured error payload",P0,8
S010,Create Set-Based Session Definition,E04,"As a planner, I want to define a set-based session template so that repeatable workouts can be generated quickly.","AC1 Definition supports type=set-based | AC2 Supports repetition/shuffle/infinite flags | AC3 Invalid type combinations are rejected","VP1 Unit tests for type-specific validation | VP2 Integration test create/read template | VP3 Negative test for bad flag combinations","TS1 Add SessionDefinition Script Include with validation matrix | TS2 Persist normalized template options | TS3 Provide DTO method for generation service",P0,3
S011,Create Category-Based Session Definition,E04,"As a planner, I want category-based templates with weighted categories so that sessions can be auto-generated by focus area.","AC1 Definition supports type=category-based | AC2 At least one weighted category is required | AC3 Total weight validation enforces positive distribution","VP1 Validation tests for weighted inputs | VP2 Integration test with Session Category m2m rows | VP3 Negative test for zero or missing weights","TS1 Implement category-based branch in SessionDefinition logic | TS2 Validate and persist SessionCategory entries | TS3 Expose selection-ready payload for generator",P0,5
S012,Session Definition Reusability and Status,E04,"As an admin, I want to activate/deactivate definitions so that only approved templates are available for generation.","AC1 Definition has active status | AC2 Inactive definitions cannot generate new sessions | AC3 Existing sessions linked to inactive definition remain accessible","VP1 Unit tests for active flag enforcement | VP2 Integration test generation denial when inactive | VP3 Regression test session read unaffected","TS1 Add active flag checks in generation entry point | TS2 Keep relational link without cascade changes | TS3 Provide admin update method",P1,3
S013,Generate Session Snapshot From Definition,E05,"As a user, I want session generation to copy relevant definition fields so that historical sessions remain reproducible over time.","AC1 Generated session stores type/shuffle/repetition/infinite snapshot | AC2 Changing definition later does not alter historical session snapshot | AC3 Session references source definition id","VP1 Integration test generation snapshot content | VP2 Regression test after definition update | VP3 Data comparison test between definition and session","TS1 Implement SessionGenerator service in WorkoutUtil | TS2 Copy immutable runtime fields into Session record | TS3 Save source definition reference",P0,5
S014,Generate Session Exercise Timeline,E05,"As a user, I want generated sessions to contain ordered session exercises so that execution tracking is possible.","AC1 Session Exercise rows are created for each resolved exercise | AC2 Initial state is not started | AC3 Start/end fields are nullable at creation and set during execution","VP1 Integration test generated row count and order | VP2 State initialization test | VP3 Execution update test for timestamps","TS1 Implement resolver for set/category definition to exercise list | TS2 Bulk insert Session Exercise records with initial state | TS3 Add ordering metadata",P0,5
S015,Track Execution State Transitions,E05,"As an athlete, I want to mark each session exercise as done or skipped so that completion history is accurate.","AC1 Allowed transitions: not started->done/skipped | AC2 Re-opening done/skipped requires explicit admin action | AC3 End time is required when state becomes done or skipped","VP1 Unit tests for state machine transitions | VP2 Permission test for reopen action | VP3 Timestamp consistency test","TS1 Create state transition method in SessionExercise Script Include | TS2 Enforce transition rules with guard clauses | TS3 Use ACL checks for privileged transitions",P0,5
S016,Weighted Category Exercise Selection,E06,"As a user, I want category-based generation to respect configured weights so that session composition matches planned focus.","AC1 Selection probability aligns with weights over repeated runs | AC2 Exercises from empty categories are skipped with warning | AC3 Generation still succeeds when at least one category has exercises","VP1 Simulation test across multiple runs for distribution | VP2 Edge test empty category handling | VP3 Integration test with mixed data availability","TS1 Implement weighted random selector in WorkoutUtil | TS2 Add fallback logic for empty categories | TS3 Log generation warnings in structured format",P1,8
S017,Prevent Duplicate Exercise Overload in Session,E06,"As a user, I want duplicate exercise frequency controls so that generated sessions remain diverse.","AC1 Max duplicate threshold configurable per generation | AC2 Generator avoids duplicates until pool exhausted | AC3 When unavoidable, duplicates are flagged in metadata","VP1 Unit tests for threshold behavior | VP2 Small pool edge-case tests | VP3 Metadata output verification","TS1 Add duplicate-control algorithm in generation service | TS2 Track already selected exercises per run | TS3 Persist duplicate flag in Session Exercise extension field",P2,5
S018,Preview Category-Based Session Before Save,E06,"As a coach, I want a preview mode for generated exercises so that I can review composition before persisting a session.","AC1 Preview returns ordered exercise list without DB write | AC2 Preview includes rationale metadata (category/weight source) | AC3 User can confirm preview to create actual session","VP1 API test preview no-write guarantee | VP2 Metadata correctness test | VP3 Confirm-and-create flow integration test","TS1 Implement dry-run mode in SessionGenerator | TS2 Return transient payload with trace metadata | TS3 Add confirm endpoint that reuses resolved payload",P1,5
S019,Compute Session Completion Metrics,E07,"As a user, I want session-level completion metrics so that I can track adherence over time.","AC1 Completion percent computed from done/skipped/not started counts | AC2 Sessions with zero exercises return 0 percent safely | AC3 Metrics available in session detail API","VP1 Unit tests for metric formula | VP2 Edge case tests empty session | VP3 Integration test metrics exposure","TS1 Add metrics helper in WorkoutUtil | TS2 Compute on read or persist cached values | TS3 Include metrics DTO in Session response",P1,3
S020,Compute Exercise Performance Stats,E07,"As a user, I want exercise frequency and completion stats so that I can identify consistency and weak areas.","AC1 Stats include total appearances and done rate per exercise | AC2 Date range filters are supported | AC3 Unknown exercise references are excluded safely","VP1 Aggregation test over fixture sessions | VP2 Date filter boundary tests | VP3 Data quality test for orphan links","TS1 Build aggregation query over Session Exercise table | TS2 Add optional date filters | TS3 Return paginated stats endpoint",P1,5
S021,Expose Dashboard-Friendly Summary Endpoint,E07,"As a frontend developer, I want a compact summary endpoint so that portal or UI Builder dashboards can render quickly.","AC1 Endpoint returns key KPIs in single payload | AC2 Response time target met on baseline dataset | AC3 Endpoint respects user ACL visibility","VP1 API contract test | VP2 Performance benchmark test | VP3 ACL visibility test with multiple roles","TS1 Add summary facade Script Include method | TS2 Reuse existing metrics helpers with minimal queries | TS3 Apply ACL-aware filtering",P2,5
S022,Enforce ACLs on Core Workout Tables,E08,"As a platform owner, I want CRUD operations protected by role-based ACLs so that unauthorized users cannot alter workout data.","AC1 Read/write/delete ACLs exist for core tables | AC2 Unauthorized role receives access denied | AC3 Authorized role can perform intended operations","VP1 ACL automated tests by role matrix | VP2 Negative tests unauthorized create/update/delete | VP3 Smoke test authorized workflows","TS1 Review and complete sys_security_acl definitions | TS2 Align Script Include calls with ACL assumptions | TS3 Document required roles",P0,5
S023,Standardize Script Include Error Handling,E08,"As a developer, I want consistent error objects and logging so that troubleshooting is faster and safer.","AC1 All core Script Include methods return consistent success/error schema | AC2 Errors include code, message, and context | AC3 Sensitive values are not logged","VP1 Unit tests for error schema compliance | VP2 Logging redaction tests | VP3 Regression tests for existing callers","TS1 Add shared error factory in GlobalUtil | TS2 Refactor core methods to use shared schema | TS3 Add lightweight logger helper with redaction",P1,5
S024,Add Regression Test Harness for Core Flows,E08,"As a team, we want repeatable regression tests for exercise-set-session lifecycle so that future refactors remain safe.","AC1 Harness covers create exercise, compose set, define session, generate session, execute state transitions | AC2 Tests runnable in local/dev instance workflow | AC3 Failures identify step and payload","VP1 Build end-to-end scripted test suite | VP2 Add seed data and teardown | VP3 Validate tests against known-good baseline","TS1 Implement server-side test utilities Script Include | TS2 Create test runner script for scoped app tables | TS3 Include deterministic fixture generation",P0,8
